seed,expected_signature
0,0xc6573f3a
1,0x370d8154
2,0x94bfa225
3,0x23dab331
4,0x3f055f41
5,0x91e530e8
6,0xf2ec8239
7,0x9acb207f
8,0x75cc05f5
9,0x6afa208f
10,0xe0692bd0
11,0x6407d0ce
12,0x6fa94743
13,0x959c6720
14,0x1b54f389
15,0x68487989
16,0x73ba92ea
17,0x52e0e372
18,0x6368cff0
19,0xc6d54866
20,0x0a0a3198
21,0x9bce90a0
22,0xd509e991
23,0x7b78e87b
24,0xee75a18f
25,0xe6d7243e
26,0x4e87a387
27,0x9ef8d105
28,0x45c670d6
29,0x36375c52
30,0x8a824749
31,0x524dbbe9
32,0xce25820a
33,0xba5b9b5f
34,0x2fcd692d
35,0xb3a9765c
36,0xea543afe
37,0xde4877e5
38,0x6c9e316c
39,0x55cbd7f2
40,0xae11ff7f
41,0xda5bf0ba
42,0x37b74c2b
43,0x29bd3f6f
44,0x2bd6db03
45,0x1217c592
46,0x73c968e9
47,0x6b379033
48,0x57e82923
49,0xfce00d7c
50,0x4c079238
51,0x0371cce3
52,0x6b957a1d
53,0x994ab2d6
54,0x8c99bfd9
55,0x47d271d1
56,0x902c6eb2
57,0xfb7a05e8
58,0x387002aa
59,0x8206bb67
60,0xeb2b8a64
61,0x20b8e7c1
62,0xfb1f3362
63,0xbf947eca
64,0xb5ca6e1d
65,0x1fa97371
66,0x27043b8d
67,0xc36c6cee
68,0xaa8d3ad8
69,0xf5b86036
70,0x4d299a42
71,0x588cf78a
72,0xb4375849
73,0xd0c55f49
74,0xaa895eab
75,0x25677253
76,0x23520405
77,0xbb9c6f20
78,0xebf46ed2
79,0xa67f2618
80,0x6a8ea8ad
81,0xe2d107a9
82,0xfb5222e3
83,0xa9d10a7f
84,0x692ad6c8
85,0xf059eab1
86,0x9588069f
87,0xce21fb42
88,0xdf027896
89,0x2137ac39
90,0x5872b7de
91,0xc3e91893
92,0x720ae46e
93,0x5703b303
94,0x8bce71d5
95,0x13e53ecb
96,0xd82e82bd
97,0xcbe4d306
98,0x313061df
99,0x8435097a
100,0xec146fcf
101,0xf3122fad
102,0x56c396d2
103,0x9b178e23
104,0x6717abb9
105,0x01a73de0
106,0x9d4bbe9f
107,0x0bb3cdef
108,0x8bdc790d
109,0xf50148bc
110,0x37699193
111,0xcb5d9342
112,0x4c7a7f2b
113,0x5099a7fa
114,0x4ffd5891
115,0xab57bac1
116,0xff48bb9b
117,0xadc38f37
118,0xacad26a7
119,0x4bde413a
120,0xa869b8a0
121,0x7a7958b0
122,0x4f5dc4a0
123,0x398a6d3e
124,0xf35ab604
125,0x09ccb2d8
126,0xf2e0cc57
127,0x070bf58c
128,0x4e50f636
129,0xdbe5673f
130,0x688e95f6
131,0xe56f2bc1
132,0xa6a597d0
133,0x90415053
134,0x60fc50ae
135,0x94c4de44
136,0x8e2feef0
137,0x08b3e5bf
138,0xbc21d9c2
139,0xfc37053a
140,0xd5d18c92
141,0xf0fc5e7c
142,0x069ba947
143,0x3f12bf7a
144,0xea8e761e
145,0xefe425e0
146,0x7496f987
147,0xce3419e8
148,0x84338f61
149,0xcf2a3511
150,0xa0935f77
151,0xe662c601
152,0x34ed1ca0
153,0x78c550ae
154,0xdd9a044e
155,0x5fbbaadd
156,0x9b942598
157,0x39e012e3
158,0x1bee50b0
159,0xcdcacd46
160,0x444d6b61
161,0x74d22000
162,0xb9517991
163,0x4cfcfa1f
164,0x7242e758
165,0x9ae2f732
166,0x7a40e664
167,0x245f0f0c
168,0xcd194edc
169,0x84050515
170,0x9a7837d3
171,0xba9f369e
172,0x61627279
173,0x67010b22
174,0x771e52b1
175,0x1ad47c01
176,0x4b44f187
177,0xcc580379
178,0x7a73deef
179,0x5a97838a
180,0x880f39a8
181,0x09fcf524
182,0x2a86d910
183,0xdb71034d
184,0x785b88cd
185,0x8dd961fe
186,0x866f1f4f
187,0xa77b8c61
188,0x37700549
189,0x228c37ae
190,0x503d83d3
191,0xd67b43be
192,0x8f8b4ea7
193,0x8022d3c6
194,0x3f43ab54
195,0xfa1b7284
196,0x0f57086d
197,0x0885a24b
198,0x6d6c4d33
199,0x19f71da9
200,0xadc35e36
201,0x1ff35e03
202,0x7da0bc69
203,0xa7f9e6a0
204,0x1d5c1516
205,0x758023ed
206,0x5e123e0b
207,0xd967a139
208,0xf842338b
209,0x56bced55
210,0xfd74129a
211,0x1bf89944
212,0x75965657
213,0x3ecd22b5
214,0x617e7598
215,0xfabd4071
216,0x82a3e45d
217,0x4f8c55a0
218,0xdc1054b7
219,0xfc9c631f
220,0x99d680a1
221,0x2f0999cb
222,0x86971bb9
223,0x0dc9bd57
224,0xe958d0c6
225,0x3f91b4d0
226,0xfa77cd82
227,0x11568f2e
228,0x9b2a2a15
229,0xb92a5b7d
230,0x146e3b6b
231,0x6b69d20a
232,0x67c5bb1b
233,0xc4408ff1
234,0x5e2c20c1
235,0x781cdf0e
236,0xb20a91bc
237,0x045a59de
238,0x82cc1ea9
239,0x5b424e1f
240,0x6d807eda
241,0x1744007d
242,0x33297073
243,0x48d6a4e8
244,0xa0268124
245,0x93d8f453
246,0xdb1a1752
247,0x56ea2799
248,0xddc6426c
249,0xeed59156
250,0xf011ca78
251,0xf9f45612
252,0x543a5b48
253,0x22970498
254,0xedbc7b1d
255,0x563913d0
256,0x5a0a3051
257,0xcc61aaa4
258,0xc69f6604
259,0x8c40d798
260,0x4b509ac6
261,0x3f03e655
262,0x3238f79e
263,0xbddcb9aa
264,0x001da737
265,0x6373bb1e
266,0x930d144c
267,0x734c4710
268,0xa9d6e509
269,0x993d21ab
270,0x9a13b851
271,0xc5ec07b7
272,0xcc16c751
273,0x75b8eccd
274,0xe9bbd3fa
275,0xfcd40eb7
276,0xf71280cb
277,0x1c025dcf
278,0x015db8ff
279,0xf23abf6f
280,0x0118ef26
281,0x785823dc
282,0x0fe408a0
283,0x6ddf8bce
284,0x3e5da947
285,0xe1a5c84f
286,0xa60e1028
287,0x9b7c9afb
288,0x7c01252d
289,0x2b3d8316
290,0x4739f3e9
291,0xd40fb392
292,0xdadd9f1a
293,0xa7a3a062
294,0x6ddd6227
295,0xf0280086
296,0x896b2426
297,0xd2714090
298,0x1614fe55
299,0xc447804e
300,0x084b7204
301,0x854353af
302,0x5956ec5d
303,0x7b4735c3
304,0xb483421f
305,0x9a8107f7
306,0xc173ef38
307,0x8b22bff9
308,0xafe8bcf1
309,0xbb5c0f13
310,0xfcb62488
311,0x98709307
312,0x92ed3ee3
313,0xa3eda0fe
314,0xe8fa357a
315,0x3d77adff
316,0xb5709327
317,0xf751a017
318,0xa429b615
319,0x0dda220d
320,0xbb64670d
321,0xc681bde4
322,0x5bfcb151
323,0xcd3e2af4
324,0xf7a98388
325,0x6df7343e
326,0x2d4f0cd4
327,0x5ec5207b
328,0x1f9818a2
329,0xe43f854c
330,0xf46b4937
331,0x5e5b4e56
332,0x50b3c6c9
333,0x78849f57
334,0xdaabf7c4
335,0x179272a7
336,0x5e5b45c4
337,0x633ee4cf
338,0xf6343d2e
339,0xc3ce8893
340,0x7b876aba
341,0x2ecc7cfb
342,0x37ace576
343,0x8abe9fa5
344,0x15a7e900
345,0x73d749e7
346,0xc159a894
347,0x8e5ba26a
348,0x7eaac341
349,0xf6a9160a
350,0x9e6cfae7
351,0x1390a5e7
352,0xd8a07526
353,0x4259ebd8
354,0x613f6500
355,0xa71dec10
356,0xd155e569
357,0x5f140c40
358,0x00f99967
359,0x9a1a197f
360,0xae1c8142
361,0x4f76a60a
362,0xdd885a68
363,0x7bb54d7b
364,0xe004649f
365,0x225406c9
366,0x2bf18a1f
367,0xd4a6e4bf
368,0xf191351b
369,0xf4ef370f
370,0x7de88e4a
371,0x4daaeb18
372,0xaaefc90f
373,0x5fd27d3e
374,0x4ffa59d6
375,0x1d776a21
376,0x6bffb60b
377,0x3491f20c
378,0x3df368a6
379,0x0b4e06f4
380,0x3b890849
381,0x56b71a83
382,0xdf257052
383,0xd560bdd0
384,0x90776d7f
385,0x12f5231e
386,0xc9f0a9cc
387,0xa189ab1d
388,0xdce00e70
389,0x906f5d1e
390,0x99339e0b
391,0x14ce212c
392,0x55cec1ba
393,0x692ba5de
394,0xaab23ecc
395,0x165bd572
396,0x74363366
397,0xcd63b6d3
398,0xf39ad75f
399,0x50bb4cd8
400,0xa9c14ed4
401,0x58d782fb
402,0xacea196b
403,0x7b908ca0
404,0x11f93e1d
405,0xb978e30e
406,0x09b9ab3a
407,0x259f275c
408,0x161b50fa
409,0x362181c0
410,0x9a2b99e8
411,0x76cbbda9
412,0xc4c79b5c
413,0x8e187d8e
414,0xf841ce1b
415,0x16229141
416,0x440c2ae5
417,0xadfb80e9
418,0xedf189e9
419,0xab25235b
420,0x48df8e7b
421,0xa6b001fa
422,0x30d344de
423,0x94f69cc6
424,0xce75594c
425,0x715db8ed
426,0x0e5c4a87
427,0x212f2fd8
428,0xc146d097
429,0x177d20a7
430,0xcff0f7d7
431,0x9b71cdab
432,0x9c9e26f2
433,0x993e543e
434,0x64425191
435,0x83b48670
436,0x45a0d10a
437,0xd9035053
438,0x8a8e5736
439,0x10c51526
440,0x330e8a4b
441,0x09d60f97
442,0xcfa62d5c
443,0xf6d3b8d4
444,0xf03a511b
445,0xec27fced
446,0x083ca034
447,0x92c05737
448,0x9be51189
449,0x1d48a123
450,0xe1e68bb3
451,0xf0b7777e
452,0xfcc10516
453,0x922e9144
454,0x5ec2b476
455,0x7664276b
456,0x477877df
457,0x762f2708
458,0x7711fb97
459,0x823ec4d9
460,0xba0ea7ab
461,0x77bb826d
462,0x08cfdee0
463,0xe5d0564f
464,0x2ada554e
465,0x5a7d3733
466,0xab7aed0b
467,0x1b871322
468,0x3a863c13
469,0xbfb91fc6
470,0xec846b89
471,0x0953324d
472,0x581eacc9
473,0x8b0649d9
474,0xc7f9dc3d
475,0xbb3a0501
476,0x365e502f
477,0x6c5a596a
478,0xecd5fdcf
479,0x8aa4a797
480,0xa8fe0d0e
481,0x2b0baace
482,0x220b7281
483,0xbefac2d6
484,0xcf9a082e
485,0x53796d62
486,0xba26b6b7
487,0x7b132373
488,0x01fcb77d
489,0x2ce2d134
490,0x7e492b04
491,0x9f04ff94
492,0x3c3cb7e2
493,0xf2f1889e
494,0x2ea514c6
495,0xf66d40ce
496,0x649e7ef6
497,0x40163f70
498,0x6b372fa7
499,0xa1a12b06
